indicator,00_htf_Auction.pine,01_CME_Institutional.pine,04_Pulse_mean_acc.pine,04_Pulse_mean_acc_strategy.pine,00_Zeillerman_Volatility_Trend.pine,02_Volume_Fib.pine,02_zeierman_trend.pine,02_zeierman_trend_strategy.pine,03_anchored_vwap.pine,05_Monte_Carlo.pine,06_Probalistic_forecaster.pine,07_Nexus_Fusion.pine,08_rsi_divergence.pine,09_Zero_lag_liquidity.pine,10_your_custom_strategy.pine,12_macd_crossover.pine,Divergency.pine,MACD_Beluga.pine,POC.pine,beluga.pine,bollinger_hunter.pine,macd_ema.pine,mtf_ema.pine,precision_sniper.pine,triexdev.pine,volume_profile.pine
12_macd_crossover.pine,0.4904,0.5067,0.632,0.7058,0.5444,0.4721,0.5675,0.6448,0.5936,0.5327,0.4889,0.5936,0.6581,0.5185,0.7765,1,0.7736,0.6578,0.5285,0.5571,0.5465,0.9057,0.8136,0.603,0.6264,0.7037
10_your_custom_strategy.pine,0.4843,0.5105,0.545,0.6451,0.5583,0.5116,0.5414,0.6525,0.5947,0.5386,0.4957,0.6003,0.6484,0.5311,1,0.7765,0.7727,0.5983,0.4851,0.5715,0.5582,0.7455,0.726,0.6033,0.6117,0.6962
macd_ema.pine,0.4936,0.5254,0.6467,0.7145,0.5218,0.4824,0.5796,0.6588,0.6073,0.5444,0.4807,0.6026,0.6549,0.5115,0.7455,0.9057,0.7434,0.6599,0.5046,0.5628,0.5635,1,0.8776,0.6328,0.6518,0.6788
mtf_ema.pine,0.5406,0.5567,0.6774,0.7393,0.5565,0.4948,0.6262,0.6837,0.6291,0.5705,0.4949,0.6413,0.6222,0.5193,0.726,0.8136,0.6977,0.6904,0.5078,0.5748,0.5862,0.8776,1,0.6474,0.6776,0.6695
04_Pulse_mean_acc_strategy.pine,0.5317,0.6241,0.9618,1,0.6577,0.5625,0.6605,0.7144,0.6538,0.6274,0.5407,0.6808,0.6604,0.6182,0.6451,0.7058,0.7074,0.7069,0.6498,0.6443,0.6509,0.7145,0.7393,0.6463,0.7232,0.6515
04_Pulse_mean_acc.pine,0.5481,0.6449,1,0.9618,0.6648,0.5815,0.684,0.6948,0.6561,0.6581,0.5612,0.6979,0.6567,0.6324,0.545,0.632,0.6414,0.7224,0.6761,0.6476,0.6589,0.6467,0.6774,0.6316,0.7402,0.5836
Divergency.pine,0.5926,0.6012,0.6414,0.7074,0.6149,0.5783,0.6242,0.6874,0.6764,0.5894,0.5844,0.7433,0.8703,0.6358,0.7727,0.7736,1,0.7152,0.5918,0.7053,0.6692,0.7434,0.6977,0.6574,0.7152,0.7207
volume_profile.pine,0.6126,0.6314,0.5836,0.6515,0.6341,0.6277,0.5858,0.6559,0.6769,0.5696,0.543,0.6632,0.6572,0.6807,0.6962,0.7037,0.7207,0.6399,0.5806,0.6675,0.6257,0.6788,0.6695,0.6478,0.7424,1
00_Zeillerman_Volatility_Trend.pine,0.6252,0.644,0.6648,0.6577,1,0.6424,0.7242,0.7307,0.687,0.672,0.6153,0.7139,0.6821,0.7104,0.5583,0.5444,0.6149,0.7278,0.6677,0.7224,0.7332,0.5218,0.5565,0.651,0.756,0.6341
02_zeierman_trend.pine,0.6342,0.6724,0.684,0.6605,0.7242,0.5964,1,0.9309,0.7107,0.6656,0.601,0.7377,0.6892,0.6617,0.5414,0.5675,0.6242,0.7642,0.6198,0.7133,0.714,0.5796,0.6262,0.6828,0.759,0.5858
08_rsi_divergence.pine,0.6482,0.6705,0.6567,0.6604,0.6821,0.6352,0.6892,0.7135,0.7195,0.6391,0.6411,0.7943,1,0.7242,0.6484,0.6581,0.8703,0.7781,0.6763,0.7477,0.7094,0.6549,0.6222,0.6992,0.7836,0.6572
POC.pine,0.7008,0.7645,0.6761,0.6498,0.6677,0.7303,0.6198,0.6765,0.7203,0.7032,0.6418,0.7442,0.6763,0.7955,0.4851,0.5285,0.5918,0.7443,1,0.7276,0.6981,0.5046,0.5078,0.7054,0.7766,0.5806
06_Probalistic_forecaster.pine,0.7102,0.7316,0.5612,0.5407,0.6153,0.6789,0.601,0.6477,0.7517,0.7895,1,0.7719,0.6411,0.6958,0.4957,0.4889,0.5844,0.7553,0.6418,0.733,0.7758,0.4807,0.4949,0.7452,0.745,0.543
02_Volume_Fib.pine,0.7478,0.823,0.5815,0.5625,0.6424,1,0.5964,0.6669,0.7566,0.7328,0.6789,0.7408,0.6352,0.776,0.5116,0.4721,0.5783,0.7279,0.7303,0.706,0.7197,0.4824,0.4948,0.7275,0.7725,0.6277
02_zeierman_trend_strategy.pine,0.6926,0.7372,0.6948,0.7144,0.7307,0.6669,0.9309,1,0.7744,0.7109,0.6477,0.769,0.7135,0.7305,0.6525,0.6448,0.6874,0.7978,0.6765,0.7603,0.7559,0.6588,0.6837,0.7541,0.7973,0.6559
05_Monte_Carlo.pine,0.7268,0.7957,0.6581,0.6274,0.672,0.7328,0.6656,0.7109,0.7837,1,0.7895,0.7798,0.6391,0.7416,0.5386,0.5327,0.5894,0.7861,0.7032,0.7298,0.7725,0.5444,0.5705,0.7772,0.7925,0.5696
beluga.pine,0.7462,0.7915,0.6476,0.6443,0.7224,0.706,0.7133,0.7603,0.8005,0.7298,0.733,0.8468,0.7477,0.8232,0.5715,0.5571,0.7053,0.8458,0.7276,1,0.856,0.5628,0.5748,0.7799,0.8443,0.6675
09_Zero_lag_liquidity.pine,0.7998,0.8305,0.6324,0.6182,0.7104,0.776,0.6617,0.7305,0.8255,0.7416,0.6958,0.8069,0.7242,1,0.5311,0.5185,0.6358,0.7754,0.7955,0.8232,0.7715,0.5115,0.5193,0.7747,0.8444,0.6807
00_htf_Auction.pine,1,0.856,0.5481,0.5317,0.6252,0.7478,0.6342,0.6926,0.8311,0.7268,0.7102,0.7902,0.6482,0.7998,0.4843,0.4904,0.5926,0.7734,0.7008,0.7462,0.7483,0.4936,0.5406,0.8223,0.7932,0.6126
bollinger_hunter.pine,0.7483,0.7964,0.6589,0.6509,0.7332,0.7197,0.714,0.7559,0.8368,0.7725,0.7758,0.8502,0.7094,0.7715,0.5582,0.5465,0.6692,0.9005,0.6981,0.856,1,0.5635,0.5862,0.8145,0.8289,0.6257
MACD_Beluga.pine,0.7734,0.8106,0.7224,0.7069,0.7278,0.7279,0.7642,0.7978,0.8373,0.7861,0.7553,0.8837,0.7781,0.7754,0.5983,0.6578,0.7152,1,0.7443,0.8458,0.9005,0.6599,0.6904,0.8375,0.8517,0.6399
triexdev.pine,0.7932,0.854,0.7402,0.7232,0.756,0.7725,0.759,0.7973,0.8497,0.7925,0.745,0.8608,0.7836,0.8444,0.6117,0.6264,0.7152,0.8517,0.7766,0.8443,0.8289,0.6518,0.6776,0.8223,1,0.7424
07_Nexus_Fusion.pine,0.7902,0.8327,0.6979,0.6808,0.7139,0.7408,0.7377,0.769,0.8531,0.7798,0.7719,1,0.7943,0.8069,0.6003,0.5936,0.7433,0.8837,0.7442,0.8468,0.8502,0.6026,0.6413,0.8298,0.8608,0.6632
01_CME_Institutional.pine,0.856,1,0.6449,0.6241,0.644,0.823,0.6724,0.7372,0.8712,0.7957,0.7316,0.8327,0.6705,0.8305,0.5105,0.5067,0.6012,0.8106,0.7645,0.7915,0.7964,0.5254,0.5567,0.8531,0.854,0.6314
precision_sniper.pine,0.8223,0.8531,0.6316,0.6463,0.651,0.7275,0.6828,0.7541,0.8936,0.7772,0.7452,0.8298,0.6992,0.7747,0.6033,0.603,0.6574,0.8375,0.7054,0.7799,0.8145,0.6328,0.6474,1,0.8223,0.6478
03_anchored_vwap.pine,0.8311,0.8712,0.6561,0.6538,0.687,0.7566,0.7107,0.7744,1,0.7837,0.7517,0.8531,0.7195,0.8255,0.5947,0.5936,0.6764,0.8373,0.7203,0.8005,0.8368,0.6073,0.6291,0.8936,0.8497,0.6769
