indicator,00_htf_Auction.pine,01_CME_Institutional.pine,04_Pulse_mean_acc.pine,04_Pulse_mean_acc_strategy.pine,00_Zeillerman_Volatility_Trend.pine,02_Volume_Fib.pine,02_zeierman_trend.pine,02_zeierman_trend_strategy.pine,03_anchored_vwap.pine,05_Monte_Carlo.pine,06_Probalistic_forecaster.pine,07_Nexus_Fusion.pine,08_rsi_divergence.pine,09_Zero_lag_liquidity.pine,10_your_custom_strategy.pine,12_macd_crossover.pine,Divergency.pine,MACD_Beluga.pine,POC.pine,beluga.pine,bollinger_hunter.pine,macd_ema.pine,mtf_ema.pine,precision_sniper.pine,triexdev.pine,volume_profile.pine
00_htf_Auction.pine,1.0000,0.5324,-0.2658,-0.3725,-0.0355,0.3131,-0.1641,-0.2203,0.3254,0.2489,0.0653,0.1568,-0.1403,0.2771,-0.2826,-0.4571,-0.3571,0.0382,0.1213,0.1657,0.0857,-0.4398,-0.3644,0.3363,0.0887,-0.2040
01_CME_Institutional.pine,0.5324,1.0000,-0.1744,-0.3440,-0.1894,0.4299,-0.2651,-0.3247,0.4109,0.3578,0.0579,0.1884,-0.1475,0.3125,-0.3519,-0.5066,-0.3894,0.0414,0.2222,0.1610,0.1336,-0.4753,-0.4173,0.3554,0.2058,-0.2529
04_Pulse_mean_acc.pine,-0.2658,-0.1744,1.0000,0.8393,0.1135,-0.1665,0.1293,0.0168,-0.2134,-0.0532,-0.1657,-0.1520,-0.0630,-0.1569,-0.2108,0.0199,-0.0448,-0.0595,0.0667,-0.1988,-0.1373,0.0240,0.1014,-0.3050,0.0067,-0.0535
04_Pulse_mean_acc_strategy.pine,-0.3725,-0.3440,0.8393,1.0000,0.0787,-0.3179,0.0816,0.1556,-0.2887,-0.2347,-0.2205,-0.2946,-0.1128,-0.2591,0.1115,0.2387,0.1398,-0.1762,-0.0477,-0.2440,-0.2650,0.2196,0.2762,-0.3263,-0.1490,0.1266
00_Zeillerman_Volatility_Trend.pine,-0.0355,-0.1894,0.1135,0.0787,1.0000,-0.0359,0.2979,0.1785,-0.1239,-0.0460,-0.0413,-0.0363,-0.0603,0.0304,-0.1628,-0.2054,-0.2267,-0.0942,0.0229,0.0985,0.0223,-0.2458,-0.1595,-0.2051,0.1258,0.0089
02_Volume_Fib.pine,0.3131,0.4299,-0.1665,-0.3179,-0.0359,1.0000,-0.1548,-0.2500,0.1167,0.3061,0.0777,0.0282,-0.0881,0.2264,-0.2096,-0.3403,-0.2671,-0.0265,0.0939,0.0108,0.1096,-0.3229,-0.3149,0.0542,0.1220,-0.2104
02_zeierman_trend.pine,-0.1641,-0.2651,0.1293,0.0816,0.2979,-0.1548,1.0000,0.8176,-0.1456,-0.0941,-0.0910,-0.1195,-0.0918,-0.1346,-0.1719,-0.1230,-0.1135,-0.1001,-0.0804,-0.1433,-0.0637,-0.0982,-0.0029,-0.2213,0.0192,-0.0308
02_zeierman_trend_strategy.pine,-0.2203,-0.3247,0.0168,0.1556,0.1785,-0.2500,0.8176,1.0000,-0.1599,-0.1924,-0.1399,-0.2021,-0.1525,-0.2356,0.0452,0.0359,0.0189,-0.1204,-0.1422,-0.1293,-0.1190,0.0787,0.1116,-0.1193,-0.1562,-0.0056
03_anchored_vwap.pine,0.3254,0.4109,-0.2134,-0.2887,-0.1239,0.1167,-0.1456,-0.1599,1.0000,0.2479,-0.0005,0.1642,-0.2057,0.2168,-0.2093,-0.3722,-0.3015,0.1056,-0.0162,0.0896,0.2375,-0.3623,-0.2700,0.5294,0.0908,-0.2396
05_Monte_Carlo.pine,0.2489,0.3578,-0.0532,-0.2347,-0.0460,0.3061,-0.0941,-0.1924,0.2479,1.0000,0.1768,0.0119,-0.1717,0.0790,-0.2534,-0.3681,-0.3525,0.0932,0.0601,-0.0581,0.2129,-0.3299,-0.2437,0.2251,0.0465,-0.3587
06_Probalistic_forecaster.pine,0.0653,0.0579,-0.1657,-0.2205,-0.0413,0.0777,-0.0910,-0.1399,-0.0005,0.1768,1.0000,0.0744,0.0202,0.0958,-0.1600,-0.2100,-0.1454,-0.0379,-0.0217,0.1380,0.1302,-0.2394,-0.2694,0.0301,0.0853,-0.1827
07_Nexus_Fusion.pine,0.1568,0.1884,-0.1520,-0.2946,-0.0363,0.0282,-0.1195,-0.2021,0.1642,0.0119,0.0744,1.0000,0.2123,0.1498,-0.2674,-0.3100,-0.1152,0.2467,0.0696,0.1996,0.2162,-0.3201,-0.2500,0.0784,0.0980,-0.2300
08_rsi_divergence.pine,-0.1403,-0.1475,-0.0630,-0.1128,-0.0603,-0.0881,-0.0918,-0.1525,-0.2057,-0.1717,0.0202,0.2123,1.0000,0.1011,0.0047,-0.0101,0.4820,0.0454,-0.0137,0.0661,-0.1066,-0.0701,-0.2001,-0.2456,-0.0041,-0.0794
09_Zero_lag_liquidity.pine,0.2771,0.3125,-0.1569,-0.2591,0.0304,0.2264,-0.1346,-0.2356,0.2168,0.0790,0.0958,0.1498,0.1011,1.0000,-0.3128,-0.4233,-0.2604,-0.1190,0.2288,0.3901,0.0269,-0.4494,-0.4903,0.0927,0.2269,-0.1255
10_your_custom_strategy.pine,-0.2826,-0.3519,-0.2108,0.1115,-0.1628,-0.2096,-0.1719,0.0452,-0.2093,-0.2534,-0.1600,-0.2674,0.0047,-0.3128,1.0000,0.5765,0.3618,-0.2540,-0.2870,-0.2546,-0.2099,0.5023,0.4175,-0.1390,-0.3063,0.3028
12_macd_crossover.pine,-0.4571,-0.5066,0.0199,0.2387,-0.2054,-0.3403,-0.1230,0.0359,-0.3722,-0.3681,-0.2100,-0.3100,-0.0101,-0.4233,0.5765,1.0000,0.4709,-0.0986,-0.2037,-0.3668,-0.3762,0.8550,0.5831,-0.2594,-0.3472,0.3603
Divergency.pine,-0.3571,-0.3894,-0.0448,0.1398,-0.2267,-0.2671,-0.1135,0.0189,-0.3015,-0.3525,-0.1454,-0.1152,0.4820,-0.2604,0.3618,0.4709,1.0000,-0.0888,-0.2133,-0.1824,-0.2683,0.4156,0.2261,-0.2920,-0.2962,0.2310
MACD_Beluga.pine,0.0382,0.0414,-0.0595,-0.1762,-0.0942,-0.0265,-0.1001,-0.1204,0.1056,0.0932,-0.0379,0.2467,0.0454,-0.1190,-0.2540,-0.0986,-0.0888,1.0000,-0.0188,0.0113,0.3794,-0.1264,-0.0211,0.1710,0.0144,-0.2661
POC.pine,0.1213,0.2222,0.0667,-0.0477,0.0229,0.0939,-0.0804,-0.1422,-0.0162,0.0601,-0.0217,0.0696,-0.0137,0.2288,-0.2870,-0.2037,-0.2133,-0.0188,1.0000,0.0270,-0.0243,-0.2278,-0.2626,-0.0220,0.0866,-0.1967
beluga.pine,0.1657,0.1610,-0.1988,-0.2440,0.0985,0.0108,-0.1433,-0.1293,0.0896,-0.0581,0.1380,0.1996,0.0661,0.3901,-0.2546,-0.3668,-0.1824,0.0113,0.0270,1.0000,0.2113,-0.3549,-0.3701,0.1208,0.1472,-0.0450
bollinger_hunter.pine,0.0857,0.1336,-0.1373,-0.2650,0.0223,0.1096,-0.0637,-0.1190,0.2375,0.2129,0.1302,0.2162,-0.1066,0.0269,-0.2099,-0.3762,-0.2683,0.3794,-0.0243,0.2113,1.0000,-0.3580,-0.2767,0.2274,0.0348,-0.2997
macd_ema.pine,-0.4398,-0.4753,0.0240,0.2196,-0.2458,-0.3229,-0.0982,0.0787,-0.3623,-0.3299,-0.2394,-0.3201,-0.0701,-0.4494,0.5023,0.8550,0.4156,-0.1264,-0.2278,-0.3549,-0.3580,1.0000,0.7195,-0.1956,-0.3002,0.2883
mtf_ema.pine,-0.3644,-0.4173,0.1014,0.2762,-0.1595,-0.3149,-0.0029,0.1116,-0.2700,-0.2437,-0.2694,-0.2500,-0.2001,-0.4903,0.4175,0.5831,0.2261,-0.0211,-0.2626,-0.3701,-0.2767,0.7195,1.0000,-0.1653,-0.2440,0.2475
precision_sniper.pine,0.3363,0.3554,-0.3050,-0.3263,-0.2051,0.0542,-0.2213,-0.1193,0.5294,0.2251,0.0301,0.0784,-0.2456,0.0927,-0.1390,-0.2594,-0.2920,0.1710,-0.0220,0.1208,0.2274,-0.1956,-0.1653,1.0000,0.0143,-0.2200
triexdev.pine,0.0887,0.2058,0.0067,-0.1490,0.1258,0.1220,0.0192,-0.1562,0.0908,0.0465,0.0853,0.0980,-0.0041,0.2269,-0.3063,-0.3472,-0.2962,0.0144,0.0866,0.1472,0.0348,-0.3002,-0.2440,0.0143,1.0000,-0.0842
volume_profile.pine,-0.2040,-0.2529,-0.0535,0.1266,0.0089,-0.2104,-0.0308,-0.0056,-0.2396,-0.3587,-0.1827,-0.2300,-0.0794,-0.1255,0.3028,0.3603,0.2310,-0.2661,-0.1967,-0.0450,-0.2997,0.2883,0.2475,-0.2200,-0.0842,1.0000
