indicator,00_Zeillerman_Volatility_Trend.pine,00_htf_Auction.pine,01_CME_Institutional.pine,02_Volume_Fib.pine,02_zeierman_trend.pine,02_zeierman_trend_strategy.pine,03_anchored_vwap.pine,04_Pulse_mean_acc.pine,04_Pulse_mean_acc_strategy.pine,05_Monte_Carlo.pine,06_Probalistic_forecaster.pine,07_Nexus_Fusion.pine,08_rsi_divergence.pine,09_Zero_lag_liquidity.pine,10_your_custom_strategy.pine,12_macd_crossover.pine,Divergency.pine,MACD_Beluga.pine,POC.pine,beluga.pine,bollinger_hunter.pine,macd_ema.pine,mtf_ema.pine,precision_sniper.pine,triexdev.pine,volume_profile.pine
00_Zeillerman_Volatility_Trend.pine,1.0000,0.4915,0.5276,0.5013,0.6617,0.6446,0.5526,0.5394,0.5373,0.5011,0.5143,0.5697,0.4702,0.5128,0.4669,0.4256,0.4878,0.5956,0.4780,0.5749,0.6133,0.3981,0.4493,0.5397,0.6038,0.5080
00_htf_Auction.pine,0.4915,1.0000,0.8597,0.7232,0.5765,0.6290,0.8009,0.5375,0.5292,0.7058,0.6590,0.7495,0.5063,0.7281,0.5015,0.4169,0.4978,0.7367,0.5723,0.6961,0.7246,0.3801,0.4540,0.7935,0.7727,0.5155
01_CME_Institutional.pine,0.5276,0.8597,1.0000,0.8042,0.5993,0.6717,0.8562,0.6184,0.6018,0.7495,0.6838,0.7928,0.5285,0.7956,0.5325,0.4360,0.5152,0.7659,0.6538,0.7614,0.7546,0.4072,0.4512,0.8323,0.8457,0.5482
02_Volume_Fib.pine,0.5013,0.7232,0.8042,1.0000,0.5474,0.6016,0.7424,0.5499,0.5253,0.7028,0.6231,0.6830,0.4808,0.7266,0.5058,0.3952,0.4745,0.6580,0.6125,0.6520,0.6573,0.3570,0.3926,0.6815,0.7554,0.4894
02_zeierman_trend.pine,0.6617,0.5765,0.5993,0.5474,1.0000,0.8982,0.6353,0.5863,0.5724,0.5805,0.5449,0.6183,0.5278,0.5484,0.4977,0.4416,0.5339,0.6664,0.5002,0.6289,0.6013,0.4413,0.4956,0.6451,0.6817,0.5279
02_zeierman_trend_strategy.pine,0.6446,0.6290,0.6717,0.6016,0.8982,1.0000,0.7196,0.6243,0.6486,0.6300,0.5963,0.6765,0.5744,0.6334,0.6416,0.5700,0.6269,0.7244,0.5790,0.7127,0.6801,0.5821,0.6101,0.7451,0.7353,0.6236
03_anchored_vwap.pine,0.5526,0.8009,0.8562,0.7424,0.6353,0.7196,1.0000,0.6052,0.6078,0.7460,0.6996,0.7843,0.5315,0.7501,0.5654,0.4719,0.5471,0.7625,0.6192,0.7467,0.7898,0.4567,0.4786,0.8821,0.8086,0.5543
04_Pulse_mean_acc.pine,0.5394,0.5375,0.6184,0.5499,0.5863,0.6243,0.6052,1.0000,0.9594,0.6033,0.4865,0.6548,0.5278,0.5858,0.5606,0.5495,0.5848,0.6695,0.6001,0.5682,0.5978,0.5279,0.5658,0.6081,0.6841,0.4804
04_Pulse_mean_acc_strategy.pine,0.5373,0.5292,0.6018,0.5253,0.5724,0.6486,0.6078,0.9594,1.0000,0.5842,0.4754,0.6422,0.5291,0.5777,0.6319,0.6330,0.6474,0.6659,0.5856,0.5749,0.5999,0.6091,0.6445,0.6241,0.6690,0.5579
05_Monte_Carlo.pine,0.5011,0.7058,0.7495,0.7028,0.5805,0.6300,0.7460,0.6033,0.5842,1.0000,0.7342,0.7256,0.5263,0.6377,0.5221,0.4653,0.5112,0.6998,0.5687,0.6299,0.6917,0.4185,0.4758,0.7279,0.7387,0.4703
06_Probalistic_forecaster.pine,0.5143,0.6590,0.6838,0.6231,0.5449,0.5963,0.6996,0.4865,0.4754,0.7342,1.0000,0.6997,0.4821,0.6236,0.4741,0.3807,0.4575,0.6551,0.5252,0.6454,0.7503,0.3473,0.3790,0.6914,0.6694,0.4476
07_Nexus_Fusion.pine,0.5697,0.7495,0.7928,0.6830,0.6183,0.6765,0.7843,0.6548,0.6422,0.7256,0.6997,1.0000,0.6888,0.6992,0.5724,0.5111,0.6512,0.8287,0.6276,0.7507,0.7877,0.4693,0.5193,0.7856,0.7951,0.5480
08_rsi_divergence.pine,0.4702,0.5063,0.5285,0.4808,0.5278,0.5744,0.5315,0.5278,0.5291,0.5263,0.4821,0.6888,1.0000,0.5676,0.5534,0.5701,0.7798,0.6889,0.5150,0.6043,0.5889,0.5191,0.5343,0.5529,0.6476,0.5191
09_Zero_lag_liquidity.pine,0.5128,0.7281,0.7956,0.7266,0.5484,0.6334,0.7501,0.5858,0.5777,0.6377,0.6236,0.6992,0.5676,1.0000,0.5239,0.4573,0.5325,0.6841,0.7361,0.7508,0.7085,0.4193,0.4271,0.7026,0.7757,0.5719
10_your_custom_strategy.pine,0.4669,0.5015,0.5325,0.5058,0.4977,0.6416,0.5654,0.5606,0.6319,0.5221,0.4741,0.5724,0.5534,0.5239,1.0000,0.7023,0.6570,0.5927,0.4695,0.5380,0.5627,0.6392,0.6791,0.6006,0.6220,0.6348
12_macd_crossover.pine,0.4256,0.4169,0.4360,0.3952,0.4416,0.5700,0.4719,0.5495,0.6330,0.4653,0.3807,0.5111,0.5701,0.4573,0.7023,1.0000,0.7164,0.6201,0.4538,0.4607,0.4803,0.8956,0.7903,0.5096,0.5243,0.6860
Divergency.pine,0.4878,0.4978,0.5152,0.4745,0.5339,0.6269,0.5471,0.5848,0.6474,0.5112,0.4575,0.6512,0.7798,0.5325,0.6570,0.7164,1.0000,0.6725,0.5023,0.5902,0.5747,0.6642,0.6827,0.5713,0.6228,0.6284
MACD_Beluga.pine,0.5956,0.7367,0.7659,0.6580,0.6664,0.7244,0.7625,0.6695,0.6659,0.6998,0.6551,0.8287,0.6889,0.6841,0.5927,0.6201,0.6725,1.0000,0.5927,0.7562,0.8377,0.5767,0.6230,0.7771,0.7809,0.5834
POC.pine,0.4780,0.5723,0.6538,0.6125,0.5002,0.5790,0.6192,0.6001,0.5856,0.5687,0.5252,0.6276,0.5150,0.7361,0.4695,0.4538,0.5023,0.5927,1.0000,0.6282,0.6024,0.4103,0.4002,0.6150,0.6604,0.4559
beluga.pine,0.5749,0.6961,0.7614,0.6520,0.6289,0.7127,0.7467,0.5682,0.5749,0.6299,0.6454,0.7507,0.6043,0.7508,0.5380,0.4607,0.5902,0.7562,0.6282,1.0000,0.7811,0.4387,0.4618,0.7434,0.7640,0.5728
bollinger_hunter.pine,0.6133,0.7246,0.7546,0.6573,0.6013,0.6801,0.7898,0.5978,0.5999,0.6917,0.7503,0.7877,0.5889,0.7085,0.5627,0.4803,0.5747,0.8377,0.6024,0.7811,1.0000,0.4507,0.4808,0.7763,0.7629,0.5510
macd_ema.pine,0.3981,0.3801,0.4072,0.3570,0.4413,0.5821,0.4567,0.5279,0.6091,0.4185,0.3473,0.4693,0.5191,0.4193,0.6392,0.8956,0.6642,0.5767,0.4103,0.4387,0.4507,1.0000,0.8154,0.5111,0.5063,0.6390
mtf_ema.pine,0.4493,0.4540,0.4512,0.3926,0.4956,0.6101,0.4786,0.5658,0.6445,0.4758,0.3790,0.5193,0.5343,0.4271,0.6791,0.7903,0.6827,0.6230,0.4002,0.4618,0.4808,0.8154,1.0000,0.5434,0.5701,0.6642
precision_sniper.pine,0.5397,0.7935,0.8323,0.6815,0.6451,0.7451,0.8821,0.6081,0.6241,0.7279,0.6914,0.7856,0.5529,0.7026,0.6006,0.5096,0.5713,0.7771,0.6150,0.7434,0.7763,0.5111,0.5434,1.0000,0.7896,0.5606
triexdev.pine,0.6038,0.7727,0.8457,0.7554,0.6817,0.7353,0.8086,0.6841,0.6690,0.7387,0.6694,0.7951,0.6476,0.7757,0.6220,0.5243,0.6228,0.7809,0.6604,0.7640,0.7629,0.5063,0.5701,0.7896,1.0000,0.6315
volume_profile.pine,0.5080,0.5155,0.5482,0.4894,0.5279,0.6236,0.5543,0.4804,0.5579,0.4703,0.4476,0.5480,0.5191,0.5719,0.6348,0.6860,0.6284,0.5834,0.4559,0.5728,0.5510,0.6390,0.6642,0.5606,0.6315,1.0000
